Rank,Candidate,Match Score,Matched Requirements,Missing Requirements,Candidate Strengths,Candidate Gaps,Reason,Source
1,samiksha_2026.pdf,100.0,"- SQL
- Power BI
- Python
- Data visualization
- Analytical skills
- Bachelor's degree in a related field (Bachelor of Science in Data Science)",- None,"- Strong background in data analysis with hands-on experience in exploratory data analysis using Python.
- Proficient in creating data visualizations using tools like Matplotlib and Seaborn.
- Holds relevant certifications in SQL, Power BI, and Data Analytics.",- None,"- The candidate meets all the required skills and possesses a Bachelor's degree in a related field. They have relevant certifications and practical experience in data analysis and visualization, making them fully qualified for the Data Analyst position.",C:\Users\badug\OneDrive\Documents\Desktop\Resume Screening RAG Project\Resumes\samiksha_2026.pdf
2,Sai Harshith Resume.pdf,85.0,"- SQL
- Power BI
- Python
- Analytical skills","- Excel
- Data visualization
- Experience analyzing business data
- Experience creating dashboards and reports
- Experience identifying business trends
- Experience working with stakeholders","- Strong analytical skills
- Proficiency in SQL, Python, and Power BI
- Relevant experience in data-related technologies","- Lack of evidence for Excel proficiency.
- No specific experience mentioned in analyzing business data or creating dashboards/reports.
- No indication of experience with stakeholder interactions or trend identification.","- The candidate meets several key technical requirements, including SQL, Python, Power BI, and analytical skills. However, there's insufficient evidence to confirm experience in specific responsibilities outlined in the job description, such as data visualization and stakeholder collaboration. The absence of experience in creating dashboards and reporting further reflects some gaps that reduce the overall match score.",E:\Resumes\Sai Harshith Resume.pdf
3,MAMIDI RAKESH RESUME.pdf,80.0,"- SQL
- Python
- Data visualization (implied through Business Intelligence tools)
- Analytical skills
- Bachelor's degree in a relevant field (implied by being an aspiring Data Analyst)","- Excel
- Power BI
- Specific experience details
- Mention of analyzing business data, creating dashboards and reports, and identifying business trends explicitly","- Strong skills in SQL and Python.
- Experience in data analysis and reporting, which aligns with the responsibilities of the role.
- Familiarity with Business Intelligence tools suggests capability in data visualization.","- Lack of explicit mention of Excel and Power BI skills.
- No clear evidence of directly creating dashboards or reports, or specific experience with business trend analysis and stakeholder interaction.",- The candidate has a solid foundation in key technical skills relevant to the data analyst position but lacks some specific tools like Excel and Power BI as well as clarity in experience related to the responsibilities outlined in the job description.,E:\Resumes\MAMIDI RAKESH RESUME.pdf
4,Data_Scientist_Resume - Pravalika Priyadarshini Godishala.pdf,80.0,"- SQL
- Power BI
- Python
- Analytical skills
- Education: Background related to the required field is implied by the data science focus.","- Excel
- Data visualization (specific experience not explicitly mentioned, but implied through exploratory data analysis and business insights)","- Experience in Python and SQL, which are key technical skills for a Data Analyst role.
- Familiarity with Power BI, indicative of capabilities in creating dashboards and reports.
- Strong analytical skills demonstrated through experience in statistical analysis and extracting insights.","- Lack of explicit experience or mention of Excel, which is a required skill.
- Limited evidence specifically pertaining to data visualization beyond general business insights.","- The candidate has a strong foundation in data analysis tools and skills relevant to the role, particularly in Python and SQL, along with experience in Power BI. However, the absence of direct experience in Excel and a more explicit mention of data visualization capabilities prevent a higher match score. The educational background is not provided, but the data science focus suggests relevance to the required qualifications.",E:\Resumes\Data_Scientist_Resume - Pravalika Priyadarshini Godishala.pdf
5,Sharath_Kumar_Morangapalli_Resume - Sharath kumar.pdf,80.0,"- SQL
- Power BI
- Python
- Data visualization
- Analytical skills","- Excel
- Bachelor's degree in Computer Science, Statistics, Mathematics, Business, or related field (not explicitly mentioned in the resume evidence)","- Strong foundation in Python, SQL, and Power BI
- Proven analytical skills through actionable insights and statistical validation","- Lack of explicit mention of Excel proficiency
- Education details are not provided to confirm a relevant degree","- The candidate demonstrates foundational skills in key technical areas and analytical capabilities aligned with the job requirements. However, the lack of mention of Excel skills and educational background limits the match, resulting in a lower score.",E:\Resumes\Sharath_Kumar_Morangapalli_Resume - Sharath kumar.pdf
6,Sample_Resume_Dummy - Putnala Sridhar.pdf,80.0,"- SQL
- Excel
- Power BI
- Python
- Data visualization
- Analytical skills","- Experience (not specified in the provided candidate evidence)
- Education (not specified in the provided candidate evidence)","- Proficiency in key required skills such as SQL, Excel, Power BI, and Python.
- Holds relevant certifications in Power BI Data Visualization and Python Programming.
- Demonstrates analytical problem-solving and attention to detail competencies.","- No information about formal education or degree that aligns with the educational requirement.
- Lack of specified work experience relevant to the role.","- The candidate aligns well with the required skills for the Data Analyst position, meeting all the essential skills and competencies outlined. However, the absence of specified education and experience documentation limits the overall evaluation, resulting in an 80% match score.",E:\Resumes\Sample_Resume_Dummy - Putnala Sridhar.pdf
7,Vani_Mendagujjula_Resume_.pdf,80.0,"- SQL (certified)
- Power BI (certified)
- Python (certified)
- Data visualization (implied through Power BI and data analytics course)
- Analytical skills (implied through data analytics course and certifications)","- Excel
- Specific experience
- Bachelor's degree in relevant field is not mentioned","- Relevant certifications in SQL, Power BI, and Python demonstrate foundational knowledge and skills in key areas.
- Completion of a data analytics course indicates a focus on developing analytical skills and ability to analyze business data.","- No explicit mention of Excel proficiency.
- Lack of stated experience in data analysis or any related work history.
- Absence of a bachelor's degree or educational background information.","- The candidate demonstrates a strong foundational knowledge with relevant certifications in SQL, Power BI, and Python, which meet many of the job's required skills. However, the lack of clear experience, specific mention of Excel, and educational qualifications decrease the overall match score.",C:\Users\badug\OneDrive\Documents\Desktop\Resume Screening RAG Project\Resumes\Vani_Mendagujjula_Resume_.pdf
8,Virat_Resume - Ashok Mandla.pdf,80.0,"- SQL
- Power BI
- Python
- Data visualization
- Analytical skills
- Bachelor's degree in a related field (implied through the data science background)","- Experience (specifics not provided in the resume)
- Explicit mention of Excel
- Specific experience analyzing business data, creating dashboards and reports, and identifying business trends","- Strong skills in SQL, Power BI, Python, and data visualization.
- Hands-on project experience in data analysis, statistical modeling, and machine learning.","- Lack of specific experience details related to analyzing business data and working with stakeholders.
- No explicit mention of Excel, which may be a requirement for some tasks.","- The candidate demonstrates strong technical skills relevant to the Data Analyst role and appears to have the necessary educational background. However, there is a lack of detailed experience related to the core responsibilities listed in the job description, notably in terms of analyzing business data and creating dashboards. Therefore, the candidate receives a score of 80%, as the skills align closely with the job's requirements but do not fully meet the experience expectations.",C:\Users\badug\OneDrive\Documents\Desktop\Resume Screening RAG Project\Resumes\Virat_Resume - Ashok Mandla.pdf
9,Ranjith(r).pdf,70.0,"- SQL (Certification in MySQL)
- Power BI (Certification in Power BI)
- Python (Certification in Python)","- Excel
- Data visualization
- Analytical skills
- Experience
- Education (Bachelor's degree in a related field)","- The candidate has relevant certifications in SQL, Power BI, and Python, which shows proficiency in these key required tools and skills.","- The candidate lacks demonstrated skills in Excel, data visualization (beyond Power BI), analytical skills, and does not detail any specific experience or formal education in a relevant field.","- The candidate has a strong foundation in three out of the six required skills through certifications. However, the absence of experience, education details, and critical skills such as Excel and analytical capabilities brings down the overall match score significantly.",C:\Users\badug\OneDrive\Documents\Desktop\Resume Screening RAG Project\Resumes\Ranjith(r).pdf
